ID,OffID,Population,X,Y,loc1_a,loc1_b,loc2_a,loc2_b,loc3_a,loc3_b,loc4_a,loc4_b,loc5_a,loc5_b,loc6_a,loc6_b,loc7_a,loc7_b
62,0,A21,4426941.1,5427173.285,340,340,422,422,413,425,446,448,121,121,155,157,242,244
64,0,A21,4426932.998,5427178.088,334,334,424,424,417,434,444,449,122,133,155,161,242,252
65,0,A21,4426936.117,5427172.945,338,340,417,422,417,419,446,452,135,137,153,157,244,246
66,0,A21,4426937.45,5427174.141,340,344,422,422,411,431,446,448,122,126,157,159,242,252
68,0,A21,4426934.172,5427171.137,336,342,417,422,423,438,448,448,119,123,155,155,244,256
69,0,A21,4426933.49,5427166.068,336,346,422,422,417,421,444,452,122,124,155,161,256,256
75,0,A21,4426924.823,5427174.519,340,340,422,422,415,425,442,446,121,128,152,161,244,244
76,0,A21,4426925.321,5427172.545,338,340,417,422,413,421,446,452,126,133,155,157,240,242
77,0,A21,4426921.868,5427174.205,344,352,422,422,415,421,446,452,121,122,155,177,242,268
78,0,A21,4426921.636,5427173.93,342,352,417,424,425,450,446,446,121,124,157,161,240,242
82,0,A21,4426921.587,5427169.3,340,344,422,424,398,413,452,452,121,123,155,161,246,246
88,0,A21,4426912.215,5427147.405,340,342,417,422,421,450,446,446,121,122,155,155,242,244
89,0,A21,4426911.627,5427147.291,334,352,417,422,409,427,448,448,121,121,157,159,238,246
90,0,A21,4426911.571,5427147.338,338,340,422,422,392,417,444,447,128,137,155,159,244,252
92,0,A21,4426911.554,5427146.159,334,346,417,422,409,417,NA,NA,121,124,155,159,242,250
211,0,A25,4422657.519,5425370.607,354,358,417,422,392,411,446,448,121,121,153,165,240,242
212,0,A25,4422659.038,5425371.543,340,342,417,417,409,417,446,452,121,121,155,157,240,242
213,0,A25,4422658.898,5425371.071,340,344,417,422,392,448,446,452,121,121,153,155,244,246
214,0,A25,4422657.885,5425370.187,354,358,422,422,392,392,442,446,118,121,157,157,236,252
215,0,A25,4422658.914,5425370.923,338,358,422,422,392,411,448,452,121,121,155,159,236,242
217,0,A25,4422659.31,5425371.27,334,352,422,422,409,434,NA,NA,121,122,155,157,242,244
218,0,A25,4422658.944,5425370.736,338,340,417,417,409,417,446,452,121,121,155,157,236,246
219,0,A25,4422658.072,5425369.987,340,358,422,424,392,392,444,452,121,133,153,157,244,252
220,0,A25,4422659.493,5425372.087,334,356,422,422,421,448,446,452,121,133,157,161,242,244
222,0,A25,4422659.041,5425369.599,344,356,417,422,392,411,446,446,121,122,157,157,242,244
223,0,A25,4422658.613,5425368.591,340,356,417,422,392,421,447,452,121,124,155,157,240,258
224,0,A25,4422657.748,5425367.822,356,356,417,422,392,392,444,446,121,121,155,157,242,250
225,0,A25,4422659.828,5425367.268,334,358,422,422,411,448,446,448,121,122,155,157,242,242
228,0,A25,4422658.469,5425365.101,334,362,417,422,409,417,446,452,121,124,153,157,242,256
229,0,A25,4422658.856,5425366.063,340,342,422,424,409,448,447,447,121,122,155,165,240,244
230,0,A25,4422658.799,5425365.428,338,356,422,424,430,430,446,452,121,121,157,157,236,242
231,0,A25,4422659.659,5425364.958,334,334,417,422,411,413,446,452,121,121,155,161,236,244
232,0,A25,4422660.963,5425363.506,344,352,417,422,392,434,446,448,121,123,155,157,244,252
233,0,A25,4422658.79,5425365.415,340,342,422,422,421,448,446,448,114,121,157,165,240,252
234,0,A25,4422658.925,5425363.892,340,340,417,422,392,392,446,452,121,123,157,157,236,244
235,0,A25,4422657.461,5425364.18,340,340,422,424,392,392,446,452,123,123,157,157,246,246
236,0,A25,4422657.104,5425364.77,334,352,424,424,392,411,447,452,121,121,153,153,240,240
237,0,A25,4422660.561,5425361.527,334,336,422,424,411,411,448,450,121,123,150,157,244,244
239,0,A25,4422658.471,5425363.718,340,352,422,424,392,409,446,452,121,123,157,157,244,246
240,0,A25,4422659.075,5425362.991,334,334,417,422,392,407,446,448,121,121,155,157,236,252
241,0,A25,4422659.234,5425362.363,338,344,422,422,392,417,446,452,122,123,157,167,238,244
242,0,A25,4422658.543,5425361.826,342,344,422,422,417,448,446,448,121,123,153,157,252,252
245,0,A25,4422655.36,5425360.688,338,340,422,424,392,413,444,452,122,123,155,155,244,256
246,0,A25,4422653.286,5425359.113,334,338,422,424,411,430,446,452,119,121,155,155,242,250
247,0,A25,4422654.948,5425359.646,334,334,NA,NA,411,417,452,452,121,121,150,155,242,242
248,0,A25,4422656.037,5425360.135,334,356,417,424,411,430,447,452,121,122,153,155,250,258
249,0,A25,4422654.7,5425361.076,334,334,422,422,407,434,446,446,121,128,157,159,244,250
251,0,A25,4422653.018,5425353.689,338,340,422,422,392,430,444,446,121,122,155,157,244,250
252,0,A25,4422653.898,5425353.754,340,360,422,422,409,413,448,450,121,122,153,153,240,244
253,0,A25,4422653.608,5425343.448,334,338,417,424,409,409,446,448,121,121,165,165,246,246
254,0,A25,4422655.939,5425345.274,338,340,422,424,409,440,446,446,122,124,159,161,242,256
255,0,A25,4422654.799,5425344.786,336,338,417,422,413,417,446,452,121,124,157,161,240,246
256,0,A25,4422653.82,5425345.105,342,350,NA,NA,409,417,446,446,121,122,155,155,252,256
257,0,A25,4422653.94,5425346.622,338,350,417,424,417,434,446,452,121,121,155,165,242,256
258,0,A25,4422654.241,5425346.748,338,360,417,422,409,419,446,446,121,124,150,165,NA,NA
259,0,A25,4422654.41,5425345.716,NA,NA,422,422,407,440,444,446,122,133,155,159,242,242
260,0,A25,4422654.44,5425346.266,338,338,422,424,417,434,446,446,121,122,155,165,246,256
261,0,A25,4422654.801,5425345.765,338,352,422,424,407,419,446,452,121,122,157,159,242,242
262,0,A25,4422656.386,5425346.933,340,352,417,422,411,434,446,446,124,124,155,157,252,256
263,0,A25,4422655.664,5425346.61,340,350,417,424,409,434,444,446,122,133,155,169,238,246
264,0,A25,4422667.032,5425353.726,332,336,422,422,411,440,444,446,122,133,150,155,NA,NA
265,0,A25,4422669.554,5425355.013,338,346,422,422,409,430,448,452,126,128,155,169,240,242
266,0,A25,4422669.331,5425355.559,336,336,422,426,421,434,446,448,121,121,152,157,240,242
267,0,A26,4422707.156,5425139.486,344,346,417,422,409,434,442,442,121,121,167,167,242,252
268,0,A26,4422707.008,5425138.754,326,338,417,422,407,411,442,448,121,122,152,157,246,252
269,0,A26,4422706.671,5425138.371,334,358,422,424,411,430,444,446,114,121,155,157,242,256
270,0,A26,4422703.967,5425137.595,340,358,417,424,434,436,444,452,114,121,157,159,242,250
272,0,A26,4422708.427,5425137.886,334,340,422,425,392,411,448,452,122,124,161,161,242,246
273,0,A26,4422706.428,5425136.956,340,340,417,422,392,411,446,448,121,124,159,161,242,246
274,0,A26,4422706.523,5425136.91,334,340,422,422,392,409,446,449,119,128,157,161,242,252
275,0,A26,4422707.052,5425136.917,340,344,422,422,411,411,446,450,121,126,157,159,252,256
276,0,A26,4422707.354,5425137.206,334,340,422,424,411,417,444,452,121,133,155,159,242,252
278,0,A26,4422707.856,5425136.597,340,340,422,424,411,417,444,452,126,128,159,161,242,252
279,0,A26,4422706.958,5425136.062,340,340,422,424,392,411,446,452,121,133,161,161,242,252
280,0,A26,4422707.796,5425135.928,340,340,417,422,411,417,446,450,121,133,155,161,252,252
282,0,A26,4422712.415,5425137.694,334,340,422,424,392,436,448,452,122,126,159,161,250,250
284,0,A26,4422709.46,5425143.268,340,364,422,424,405,411,444,446,126,133,161,161,240,252
334,0,A45,4423100.045,5427048.188,334,334,422,424,409,409,442,442,122,122,155,155,NA,NA
335,0,A45,4423095.986,5427012.445,334,342,417,423,415,430,446,450,121,121,155,157,238,246
336,0,A45,4423093.841,5427008.198,340,350,424,424,419,419,444,446,121,133,161,161,236,252
339,0,A45,4423092.135,5427017.279,338,338,422,422,411,430,442,452,122,122,155,159,242,242
340,0,A45,4423090.152,5427011.193,334,338,422,422,415,417,444,446,121,122,155,159,238,240
341,0,A45,4423090.404,5427011.799,334,340,422,422,392,419,446,452,121,133,155,159,242,244
342,0,A45,4423089.66,5427010.666,338,338,417,422,407,411,446,446,121,126,157,159,242,252
345,0,A45,4423089.61,5427006.927,332,334,417,417,411,417,446,452,126,126,155,155,246,252
346,0,A45,4423091.17,5427007.345,334,342,417,422,411,415,452,452,121,126,155,167,242,246
349,0,A45,4423096.224,5427007.83,334,340,422,424,409,411,442,452,121,126,161,161,242,256
353,0,A45,4423093.151,5427004.562,334,334,422,422,409,417,452,452,121,126,155,159,246,252
355,0,A45,4423091.212,5426993.063,334,340,417,422,417,419,446,450,NA,NA,157,157,242,252
356,0,A45,4423091.822,5426992.173,340,360,417,422,392,434,446,446,NA,NA,155,155,244,252
360,0,A45,4423097.808,5426984.774,340,342,422,422,411,415,446,452,124,128,155,155,246,256
361,0,A45,4423096.487,5426984.03,334,356,410,422,407,411,446,446,121,133,155,155,242,252
366,0,A45,4423091.737,5426970.91,334,334,422,422,409,411,450,450,121,128,155,157,252,256
495,0,A41,4426038.023,5423337.738,340,344,417,424,411,432,446,446,121,124,155,175,252,256
496,0,A41,4426038.675,5423337.653,340,344,417,422,392,411,447,447,119,121,157,165,242,256
498,0,A41,4426038.125,5423336.614,340,344,410,417,392,415,444,446,124,124,152,155,NA,NA
502,0,A41,4426036.61,5423336.542,340,344,NA,NA,409,411,449,449,126,133,155,165,236,250
503,0,A41,4426038.367,5423334.858,334,340,410,424,392,409,448,448,123,133,155,157,244,256
820,0,A03,4431325.893,5429379.293,336,340,410,422,431,431,446,448,121,150,153,157,242,250
821,0,A03,4431317.897,5429371.663,340,340,417,422,392,419,446,448,131,152,157,171,242,242
822,0,A03,4431317.146,5429372.926,340,354,417,422,411,417,446,446,131,135,155,157,242,242
823,0,A03,4431316.7,5429368.951,340,358,417,422,419,434,446,448,122,122,155,155,244,256
824,0,A03,4431316.219,5429369.226,340,342,424,424,419,421,446,448,150,152,157,157,240,242
825,0,A03,4431314.907,5429368.221,334,334,422,422,411,413,444,446,124,150,155,157,242,242
827,0,A03,4431314.973,5429371.024,338,340,418,418,409,425,446,448,133,133,157,159,242,244
828,0,A03,4431314.254,5429373.403,340,340,417,417,421,421,446,448,121,135,152,161,242,242
829,0,A03,4431313.294,5429370.977,340,352,417,422,409,411,444,444,129,139,155,157,244,256
830,0,A03,4431312.288,5429370.234,340,348,417,422,392,427,446,446,123,135,152,157,242,252
831,0,A03,4431312.18,5429369.465,340,352,422,422,392,413,446,446,121,152,157,157,244,262
832,0,A03,4431310.853,5429368.767,340,342,417,422,398,430,446,448,122,133,157,157,242,242
833,0,A03,4431308.292,5429365.459,338,340,418,424,394,409,446,448,121,121,157,167,242,256
834,0,A03,4431307.378,5429363.932,340,348,422,422,417,421,446,446,121,121,157,157,238,242
835,0,A03,4431311.297,5429364.141,340,344,422,422,411,411,446,448,124,133,155,157,240,256
836,0,A03,4431313.761,5429361.098,340,340,417,422,398,417,446,446,121,135,157,159,242,244
837,0,A03,4431315.667,5429360.862,340,344,417,417,392,411,446,448,122,150,157,157,242,244
838,0,A03,4431317.269,5429357.827,352,352,422,422,392,421,446,446,121,121,155,157,240,240
839,0,A03,4431321.949,5429362.019,326,340,417,422,392,411,446,448,123,124,152,167,242,256
840,0,A03,4431327.636,5429362.713,340,342,422,424,392,411,446,448,123,135,155,157,242,242
841,0,A03,4431328.135,5429358.461,334,340,422,424,411,442,446,446,121,121,152,157,242,244
842,0,A03,4431328.458,5429356.991,342,342,422,422,392,411,446,446,133,133,157,161,242,242
843,0,A03,4431325.045,5429357.577,340,340,417,422,419,421,446,448,121,121,157,171,242,242
844,0,A03,4431323.018,5429354.778,340,340,417,417,411,413,442,448,121,121,155,157,242,256
845,0,A03,4431314.677,5429353.124,338,352,417,417,417,419,446,452,124,133,157,157,242,246
846,0,A03,4431311.778,5429354.068,326,358,418,422,392,417,442,448,133,133,157,173,240,246
850,0,A03,4431316.675,5429345.064,340,340,422,422,392,413,444,452,121,133,157,159,242,244
851,0,A03,4431317.546,5429344.159,340,346,422,422,417,430,446,446,128,133,155,157,242,256
852,0,A03,4431315.596,5429343.296,340,340,422,422,392,394,446,446,122,126,157,157,242,242
853,0,A03,4431316.79,5429343.258,340,340,422,425,392,413,446,448,123,135,155,157,244,270
854,0,A03,4431320.275,5429344.095,340,340,422,422,413,417,448,452,122,131,153,157,240,242
855,0,A03,4431320.534,5429343.546,334,342,417,422,411,411,446,448,121,131,157,157,242,256
856,0,A03,4431320.81,5429342.028,340,340,417,417,417,421,446,448,121,122,155,155,252,252
857,0,A03,4431320.017,5429341.172,340,350,422,422,413,421,446,452,133,150,157,159,242,256
858,0,A03,4431319.372,5429340.124,336,340,417,422,392,409,448,448,121,128,155,157,242,262
859,0,A03,4431320.565,5429337.274,338,340,422,422,392,421,446,446,133,137,157,157,240,244
860,0,A03,4431318.722,5429338.105,340,354,417,422,417,425,446,446,121,133,155,157,240,240
954,0,G05a,4429214.222,5434927.464,336,344,422,424,398,417,444,448,124,126,155,157,244,244
955,0,G05a,4429215.115,5434927.572,336,340,422,422,411,430,446,446,121,133,155,159,242,244
956,0,G05a,4429216.355,5434929.803,348,362,422,424,398,398,444,446,121,121,155,157,244,244
957,0,G05a,4429211.624,5434932.336,336,336,422,422,417,417,446,446,121,137,155,169,242,244
958,0,G05a,4429209.28,5434942.938,340,348,422,424,409,411,444,446,120,124,155,175,242,246
959,0,G05a,4429208.625,5434942.218,336,356,422,424,409,419,448,452,121,133,155,155,244,246
960,0,G05a,4429208.329,5434942.709,342,342,422,424,411,419,444,452,121,121,155,161,246,246
961,0,G05a,4429205.261,5434946.789,338,340,422,422,411,419,446,452,124,126,155,155,244,244
962,0,G05a,4429204.567,5434947.371,336,338,422,424,409,411,446,448,124,124,155,155,244,244
963,0,G05a,4429205.466,5434948.101,338,356,422,424,411,419,446,450,124,124,155,161,244,244
964,0,G05a,4429207.059,5434949.644,340,340,422,422,409,411,446,446,124,124,157,157,244,244
965,0,G05a,4429205.123,5434951.326,338,346,422,424,409,411,444,446,124,124,157,161,242,244
966,0,G05a,4429203.36,5434953.275,340,346,422,422,392,411,444,448,128,128,159,159,244,244
967,0,G05a,4429201.073,5434955.285,340,344,422,422,411,417,448,450,121,128,155,157,242,256
968,0,G05a,4429204.023,5434951.205,344,354,422,422,392,407,448,452,121,126,157,169,244,244
969,0,G05a,4429202.798,5434950.146,338,338,422,422,409,411,446,448,121,124,157,159,238,242
970,0,G05a,4429202.457,5434950.242,340,340,417,422,398,417,NA,NA,121,133,155,155,244,244
971,0,G05a,4429202.389,5434948.942,338,344,422,424,409,419,442,446,124,124,155,159,242,244
972,0,G05a,4429203.243,5434949.479,336,342,422,422,417,431,446,448,124,133,155,155,244,244
973,0,G05a,4429203.122,5434947.579,336,362,422,422,409,431,450,450,124,133,155,155,244,244
974,0,G05a,4429202.06,5434949.838,336,338,422,422,392,419,446,446,122,133,155,155,244,256
975,0,G05a,4429200.785,5434951.352,340,340,422,422,392,411,444,450,128,133,155,155,244,244
976,0,G05a,4429201.393,5434948.362,336,342,422,422,411,417,446,450,121,133,155,155,244,256
977,0,G05a,4429201.352,5434948.967,342,362,422,424,409,411,446,450,121,128,155,155,244,256
979,0,G05a,4429200.695,5434949.861,340,356,422,424,392,407,448,448,124,128,155,165,244,244
980,0,G05a,4429200.121,5434949.391,334,338,422,422,419,425,444,446,121,124,155,155,244,244
981,0,G05a,4429200.252,5434948.731,334,344,422,422,398,417,444,446,119,128,161,161,244,252
984,0,G05a,4429199.274,5434949.058,340,340,422,424,409,411,444,446,122,137,155,155,244,244
985,0,G05a,4429199.127,5434948.374,340,340,422,424,409,411,444,450,124,133,155,155,244,244
986,0,G05a,4429198.814,5434948.525,334,340,424,424,398,409,444,450,126,128,155,155,244,244
989,0,G05a,4429198.069,5434951.91,336,340,422,422,409,411,446,450,124,133,155,161,242,244
990,0,G05a,4429198.334,5434948.206,336,340,422,422,409,417,446,448,133,137,155,155,244,244
991,0,G05a,4429198.16,5434949.137,340,356,422,422,409,411,442,448,121,133,155,159,244,244
992,0,G05a,4429197.578,5434948.564,332,336,422,422,417,417,446,448,121,133,155,155,244,252
993,0,G05a,4429196.619,5434948.424,338,346,422,422,392,417,442,444,133,133,155,157,244,244
994,0,G05a,4429198.522,5434947.425,336,348,417,424,411,419,450,452,122,128,155,155,242,244
995,0,G05a,4429197.185,5434946.884,346,346,422,422,392,417,442,446,124,124,155,159,242,244
3080,0,A25,4422656.718,5425370.929,334,352,424,424,392,434,446,446,121,121,157,157,256,258
3080,1,A25,4422656.718,5425370.929,334,358,417,424,392,411,446,448,121,121,157,165,242,258
3080,2,A25,4422656.718,5425370.929,334,358,422,424,392,434,442,446,121,121,157,157,252,258
3080,3,A25,4422656.718,5425370.929,334,354,422,424,392,434,446,446,118,121,157,157,236,258
3080,4,A25,4422656.718,5425370.929,334,354,422,424,392,392,446,446,121,121,153,157,242,258
3080,5,A25,4422656.718,5425370.929,352,358,417,424,392,411,446,446,121,121,157,165,240,258
3080,6,A25,4422656.718,5425370.929,352,354,417,424,392,392,446,446,121,121,153,157,240,256
3080,7,A25,4422656.718,5425370.929,352,358,422,424,392,392,442,446,118,121,157,157,236,258
3080,8,A25,4422656.718,5425370.929,334,358,422,424,392,392,446,448,121,121,153,157,242,256
3080,9,A25,4422656.718,5425370.929,334,354,422,424,411,434,446,448,121,121,153,157,242,258
3080,10,A25,4422656.718,5425370.929,334,354,417,424,392,411,446,446,121,121,157,165,242,256
3081,0,A25,4422663.52,5425364.578,338,360,417,422,407,417,448,452,121,133,157,161,252,252
3081,1,A25,4422663.52,5425364.578,338,342,417,417,392,417,448,452,121,133,153,157,240,252
3081,2,A25,4422663.52,5425364.578,342,360,422,422,417,417,448,452,121,133,157,169,240,252
3081,3,A25,4422663.52,5425364.578,338,338,422,422,407,417,448,452,121,133,157,161,252,252
3081,4,A25,4422663.52,5425364.578,338,338,417,417,407,417,452,452,121,121,161,161,252,252
3081,5,A25,4422663.52,5425364.578,338,338,417,422,417,417,448,452,121,133,161,161,252,252
3081,6,A25,4422663.52,5425364.578,338,350,417,422,417,417,446,452,121,121,153,161,244,252
3081,7,A25,4422663.52,5425364.578,342,360,417,422,392,407,446,452,121,133,153,161,240,252
3081,8,A25,4422663.52,5425364.578,338,360,417,422,417,417,448,452,121,121,157,157,252,252
3081,9,A25,4422663.52,5425364.578,338,360,422,422,407,407,448,452,121,133,161,161,252,252
3081,10,A25,4422663.52,5425364.578,338,342,422,422,417,417,446,452,121,133,153,161,240,252
3082,0,A25,4422662.586,5425364.511,342,350,417,422,392,417,446,448,121,121,153,169,240,244
3082,1,A25,4422662.586,5425364.511,342,342,422,422,392,417,446,446,121,121,153,169,244,244
3082,2,A25,4422662.586,5425364.511,350,358,422,422,392,392,444,446,121,133,157,169,244,244
3082,3,A25,4422662.586,5425364.511,342,350,422,422,392,417,446,446,121,121,153,169,240,240
3082,4,A25,4422662.586,5425364.511,334,350,422,422,NA,NA,446,446,121,121,153,153,244,244
3082,5,A25,4422662.586,5425364.511,340,342,422,422,392,392,446,452,121,133,157,169,244,244
3082,6,A25,4422662.586,5425364.511,342,350,417,417,417,417,NA,NA,121,121,169,169,240,244
3082,7,A25,4422662.586,5425364.511,342,350,417,417,417,417,446,446,121,121,153,153,244,244
3082,8,A25,4422662.586,5425364.511,350,350,422,422,417,417,448,448,121,121,169,169,240,240
3082,9,A25,4422662.586,5425364.511,340,342,422,422,392,392,444,448,121,121,153,153,240,240
3082,10,A25,4422662.586,5425364.511,342,350,417,422,392,417,446,448,121,121,153,169,240,240
3082,11,A25,4422662.586,5425364.511,342,342,422,422,392,392,446,446,NA,NA,NA,NA,244,244
3083,0,A25,4422658.799,5425370.21,338,340,417,424,392,392,452,452,121,121,157,157,244,252
3083,1,A25,4422658.799,5425370.21,338,340,417,424,392,409,446,452,121,121,157,157,240,244
3083,3,A25,4422658.799,5425370.21,338,338,417,424,NA,NA,452,452,121,121,157,157,NA,NA
3083,4,A25,4422658.799,5425370.21,340,340,417,422,392,411,448,452,121,121,155,157,236,252
3083,5,A25,4422658.799,5425370.21,340,340,417,424,392,392,452,452,121,121,157,157,244,244
3083,6,A25,4422658.799,5425370.21,338,338,422,424,392,411,452,452,121,121,157,159,242,244
3083,7,A25,4422658.799,5425370.21,338,340,424,424,392,392,452,452,121,121,157,157,244,244
3083,8,A25,4422658.799,5425370.21,340,340,417,417,392,417,452,452,121,121,155,157,242,244
3084,0,A25,4422659.13,5425370.435,338,340,417,417,409,417,444,452,121,133,155,157,240,246
3084,4,A25,4422659.13,5425370.435,338,340,417,422,417,421,442,444,121,128,152,157,240,240
3084,5,A25,4422659.13,5425370.435,340,340,417,422,417,421,442,452,121,121,152,157,238,246
3084,6,A25,4422659.13,5425370.435,332,340,417,422,392,417,444,448,121,121,157,157,246,252
3084,8,A25,4422659.13,5425370.435,340,340,417,422,417,421,452,452,128,133,157,157,246,256
3084,9,A25,4422659.13,5425370.435,340,340,417,424,409,421,442,444,128,133,152,157,240,256
3084,10,A25,4422659.13,5425370.435,340,340,417,422,409,417,452,452,119,133,152,157,240,256
3084,12,A25,4422659.13,5425370.435,338,340,417,422,NA,NA,446,452,121,133,157,159,240,240
3085,0,A25,4422660.445,5425368.062,334,340,422,422,409,434,448,452,121,122,159,161,240,244
3085,2,A25,4422660.445,5425368.062,NA,NA,422,422,434,448,448,448,121,122,159,159,NA,NA
3085,3,A25,4422660.445,5425368.062,334,340,422,424,434,434,448,452,121,121,157,161,244,244
3085,6,A25,4422660.445,5425368.062,340,340,417,422,392,434,452,452,121,122,155,159,240,240
3085,8,A25,4422660.445,5425368.062,340,340,422,422,409,448,452,452,122,133,161,161,240,244
3085,9,A25,4422660.445,5425368.062,340,342,422,422,392,434,446,452,122,123,157,161,244,252
3085,10,A25,4422660.445,5425368.062,340,356,422,422,421,434,446,452,121,122,161,161,240,244
3085,12,A25,4422660.445,5425368.062,334,356,422,422,434,448,448,452,121,121,159,161,242,244
3086,0,A25,4422658.28,5425362.496,340,340,422,422,411,434,452,452,121,122,155,159,236,240
3086,2,A25,4422658.28,5425362.496,334,340,422,422,434,448,452,452,121,121,155,161,240,242
3086,3,A25,4422658.28,5425362.496,340,358,422,422,392,411,452,452,121,121,153,155,240,244
3086,5,A25,4422658.28,5425362.496,340,340,422,424,392,411,452,452,121,122,157,159,236,252
3086,8,A25,4422658.28,5425362.496,340,340,422,422,392,411,452,452,122,133,153,155,236,236
3086,9,A25,4422658.28,5425362.496,340,340,422,424,417,434,452,452,119,121,155,159,240,240
3086,10,A25,4422658.28,5425362.496,340,358,422,422,392,434,452,452,121,121,155,155,NA,NA
3086,11,A25,4422658.28,5425362.496,340,340,422,422,392,411,452,452,121,121,159,159,240,240
3086,12,A25,4422658.28,5425362.496,340,358,422,422,411,411,448,452,121,121,153,159,240,240
3086,13,A25,4422658.28,5425362.496,340,358,422,422,392,411,444,452,122,133,153,159,240,252
3086,14,A25,4422658.28,5425362.496,340,358,422,422,434,434,NA,NA,121,121,155,157,NA,NA
3087,0,A25,4422660.806,5425369.717,342,356,422,422,392,448,446,446,123,124,157,157,240,252
3087,1,A25,4422660.806,5425369.717,356,358,422,422,392,430,446,452,121,123,157,157,236,252
3087,2,A25,4422660.806,5425369.717,340,342,417,422,392,448,446,452,121,123,157,157,240,252
3087,3,A25,4422660.806,5425369.717,340,342,422,424,392,392,446,452,121,123,157,157,240,244
3087,5,A25,4422660.806,5425369.717,342,358,422,422,448,448,446,446,121,124,157,157,242,252
3087,6,A25,4422660.806,5425369.717,342,358,422,424,448,448,446,446,121,123,157,157,236,240
3087,7,A25,4422660.806,5425369.717,338,356,422,422,448,448,446,446,121,124,157,157,236,240
3087,8,A25,4422660.806,5425369.717,342,358,422,424,448,448,446,446,121,124,157,157,236,252
3087,9,A25,4422660.806,5425369.717,338,342,422,424,392,392,446,452,121,123,157,157,240,242
3087,11,A25,4422660.806,5425369.717,334,342,417,422,392,413,446,452,121,124,157,161,244,252
3087,12,A25,4422660.806,5425369.717,342,356,417,422,392,392,446,452,121,124,157,157,240,252
3088,0,A26,4422716.073,5425133.717,340,340,422,422,392,411,447,448,121,122,155,165,252,258
3088,2,A26,4422716.073,5425133.717,334,340,422,422,411,411,447,447,121,121,157,165,236,252
3088,3,A26,4422716.073,5425133.717,340,340,422,422,392,392,447,447,121,122,155,155,252,252
3088,4,A26,4422716.073,5425133.717,340,340,422,422,392,411,448,448,121,122,155,165,252,252
3088,5,A26,4422716.073,5425133.717,340,342,422,422,392,409,446,448,121,128,155,157,236,258
3088,6,A26,4422716.073,5425133.717,340,340,422,422,392,411,447,448,121,122,155,165,258,258
3088,7,A26,4422716.073,5425133.717,340,340,422,422,392,411,447,447,121,121,155,165,258,258
3088,8,A26,4422716.073,5425133.717,340,340,422,422,392,392,447,448,121,121,155,155,252,258
3088,9,A26,4422716.073,5425133.717,340,340,422,422,392,411,446,447,122,124,159,165,252,252
3088,10,A26,4422716.073,5425133.717,340,358,422,424,411,411,444,447,114,122,157,165,258,258
3089,0,A26,4422708.402,5425139.648,340,340,422,425,411,411,446,448,121,124,159,161,252,252
3089,1,A26,4422708.402,5425139.648,340,340,422,424,411,419,444,448,121,124,159,161,252,252
3089,2,A26,4422708.402,5425139.648,340,340,422,422,411,419,444,446,121,128,159,161,252,252
3089,4,A26,4422708.402,5425139.648,340,340,417,422,411,411,446,448,121,121,155,159,252,252
3089,5,A26,4422708.402,5425139.648,340,340,422,422,411,419,442,448,121,121,159,159,252,252
3089,6,A26,4422708.402,5425139.648,340,340,422,424,411,419,444,448,121,128,159,161,252,252
3089,7,A26,4422708.402,5425139.648,340,340,422,422,411,411,442,446,121,128,159,161,252,252
3089,8,A26,4422708.402,5425139.648,340,340,424,425,411,411,442,446,121,121,159,161,252,252
3089,9,A26,4422708.402,5425139.648,340,340,424,425,411,411,442,448,121,121,159,159,252,252
3089,10,A26,4422708.402,5425139.648,340,340,422,425,411,411,444,448,121,128,159,161,252,252
3090,0,A26,4422707.293,5425137.477,340,340,422,424,411,419,442,444,121,128,159,159,252,252
3090,1,A26,4422707.293,5425137.477,340,340,422,422,419,419,442,444,121,121,159,159,252,252
3090,2,A26,4422707.293,5425137.477,334,340,417,422,411,419,442,442,121,121,157,159,252,256
3090,3,A26,4422707.293,5425137.477,334,340,424,424,419,430,442,444,121,128,155,159,252,256
3090,4,A26,4422707.293,5425137.477,334,340,422,422,411,419,444,448,124,128,159,159,246,252
3090,5,A26,4422707.293,5425137.477,340,340,422,424,419,419,442,444,128,128,159,159,252,252
3090,6,A26,4422707.293,5425137.477,340,340,422,422,411,411,442,444,121,128,159,159,252,252
3090,7,A26,4422707.293,5425137.477,334,340,422,424,411,411,444,446,121,128,159,159,252,252
3090,8,A26,4422707.293,5425137.477,340,340,422,422,411,419,442,442,121,128,159,159,252,252
3090,9,A26,4422707.293,5425137.477,334,340,422,424,411,430,442,446,114,121,157,159,252,256
3090,10,A26,4422707.293,5425137.477,340,340,422,422,419,419,442,444,121,121,159,159,252,252
3091,0,A26,4422711.904,5425138.862,340,340,417,424,409,436,444,452,121,121,155,165,240,246
3091,2,A26,4422711.904,5425138.862,340,340,417,422,405,409,446,452,121,126,155,161,240,240
3091,3,A26,4422711.904,5425138.862,334,340,422,424,409,409,444,448,121,121,155,155,240,240
3091,4,A26,4422711.904,5425138.862,340,340,417,417,436,436,444,444,121,126,159,165,240,250
3091,6,A26,4422711.904,5425138.862,340,344,417,422,409,411,444,448,121,126,157,165,242,246
3091,7,A26,4422711.904,5425138.862,NA,NA,417,422,NA,NA,452,452,121,121,155,165,246,256
3091,8,A26,4422711.904,5425138.862,340,340,417,422,411,436,442,444,121,128,159,165,246,252
3091,9,A26,4422711.904,5425138.862,340,340,424,424,409,411,444,446,121,126,155,165,240,250
3091,10,A26,4422711.904,5425138.862,340,340,417,422,409,411,444,452,121,133,155,161,240,240
3092,0,A26,4422711.718,5425140.231,340,340,424,424,405,436,446,452,121,126,159,165,240,246
3092,1,A26,4422711.718,5425140.231,340,352,424,424,436,436,446,452,121,121,159,165,240,246
3092,2,A26,4422711.718,5425140.231,340,340,424,424,436,436,446,452,121,126,159,165,240,246
3092,3,A26,4422711.718,5425140.231,340,340,424,424,405,436,452,452,121,126,165,165,240,246
3092,4,A26,4422711.718,5425140.231,340,352,424,424,405,405,452,452,121,126,159,165,246,246
3092,5,A26,4422711.718,5425140.231,340,340,424,424,405,436,452,452,121,121,165,165,240,246
3092,6,A26,4422711.718,5425140.231,340,340,417,424,436,436,446,452,121,126,159,165,240,250
3092,7,A26,4422711.718,5425140.231,340,352,424,424,405,405,446,452,121,126,159,165,246,246
3092,8,A26,4422711.718,5425140.231,338,340,417,424,411,436,444,446,121,121,165,165,242,246
3092,9,A26,4422711.718,5425140.231,340,340,424,424,405,436,452,452,121,121,NA,NA,246,246
3092,10,A26,4422711.718,5425140.231,340,340,424,424,405,436,446,452,121,126,159,165,240,246
3093,0,A26,4422709.989,5425139.528,340,340,417,424,411,436,446,452,121,126,155,159,250,250
3093,1,A26,4422709.989,5425139.528,340,340,417,424,436,436,446,452,121,126,155,159,250,250
3093,2,A26,4422709.989,5425139.528,340,340,417,424,436,436,446,452,121,121,155,155,250,250
3093,4,A26,4422709.989,5425139.528,340,340,424,424,411,436,452,452,121,121,155,159,250,250
3093,5,A26,4422709.989,5425139.528,340,340,424,424,411,411,446,452,126,126,155,159,250,250
3093,7,A26,4422709.989,5425139.528,340,340,424,424,411,411,446,446,126,126,155,155,250,250
3094,0,A26,4422707.486,5425143.671,334,342,417,422,409,411,446,446,121,128,157,167,236,242
3094,1,A26,4422707.486,5425143.671,342,342,417,417,409,411,446,446,128,128,157,157,236,242
3094,3,A26,4422707.486,5425143.671,334,342,417,417,409,411,446,446,128,128,157,167,236,236
3094,4,A26,4422707.486,5425143.671,342,342,417,422,409,411,NA,NA,128,128,167,167,236,242
3094,5,A26,4422707.486,5425143.671,342,342,417,422,409,409,446,446,121,121,167,167,236,236
3094,6,A26,4422707.486,5425143.671,342,342,422,422,409,411,446,446,121,128,157,167,236,242
3094,7,A26,4422707.486,5425143.671,334,340,417,422,411,411,446,450,121,121,157,161,242,252
3097,0,A45,4423087.935,5426987.948,336,340,422,422,392,411,446,446,121,121,157,165,242,256
3097,1,A45,4423087.935,5426987.948,336,340,422,422,392,392,446,446,121,121,165,165,242,256
3097,2,A45,4423087.935,5426987.948,336,336,422,422,392,392,446,446,121,121,165,165,NA,NA
3097,3,A45,4423087.935,5426987.948,336,340,422,422,396,411,446,446,121,121,157,157,242,256
3097,5,A45,4423087.935,5426987.948,340,340,422,422,411,411,446,446,NA,NA,NA,NA,242,242
3097,11,A45,4423087.935,5426987.948,336,336,422,422,392,411,446,446,121,121,165,165,242,256
3097,12,A45,4423087.935,5426987.948,340,340,422,422,411,411,446,446,121,121,157,157,242,256
3097,13,A45,4423087.935,5426987.948,340,340,422,422,411,411,446,446,121,121,157,157,242,256
3097,14,A45,4423087.935,5426987.948,336,340,422,422,392,411,446,446,121,121,157,157,242,242
3098,0,A45,4423089.503,5427000.086,338,340,417,424,411,417,446,446,121,121,155,155,246,252
3098,1,A45,4423089.503,5427000.086,338,340,417,417,417,417,446,446,121,121,155,155,246,252
3098,2,A45,4423089.503,5427000.086,338,338,417,417,411,417,446,446,121,121,155,155,246,246
3098,3,A45,4423089.503,5427000.086,338,338,417,424,411,411,446,446,121,121,155,155,252,252
3098,5,A45,4423089.503,5427000.086,334,340,417,417,411,417,444,446,121,121,155,155,246,252
3098,6,A45,4423089.503,5427000.086,336,340,424,424,411,411,446,446,121,121,155,155,246,246
3098,7,A45,4423089.503,5427000.086,334,340,417,417,411,417,446,446,121,121,155,155,246,252
3098,8,A45,4423089.503,5427000.086,334,338,417,417,411,411,446,446,121,121,155,155,252,252
3098,9,A45,4423089.503,5427000.086,338,340,424,424,411,417,446,446,121,121,155,155,246,252
3098,10,A45,4423089.503,5427000.086,338,338,424,424,411,417,446,446,121,121,155,155,246,246
3099,0,A45,4423087.705,5427004.424,342,352,422,422,413,430,446,452,121,121,161,165,246,252
3099,1,A45,4423087.705,5427004.424,342,342,417,422,411,413,452,452,121,121,165,167,246,246
3099,2,A45,4423087.705,5427004.424,334,352,417,422,411,430,446,452,121,126,155,161,252,252
3099,3,A45,4423087.705,5427004.424,334,342,417,422,411,413,452,452,121,126,155,165,246,246
3099,4,A45,4423087.705,5427004.424,334,342,422,422,411,413,452,452,121,121,155,165,246,246
3099,6,A45,4423087.705,5427004.424,342,352,417,422,411,413,452,452,121,126,155,161,242,246
3099,7,A45,4423087.705,5427004.424,342,342,417,422,413,415,452,452,121,126,155,161,242,246
3099,8,A45,4423087.705,5427004.424,334,352,422,422,415,430,452,452,121,121,161,167,242,252
3099,9,A45,4423087.705,5427004.424,334,342,422,422,411,413,452,452,121,121,155,165,246,246
3099,10,A45,4423087.705,5427004.424,334,342,422,422,411,430,452,452,121,126,155,165,242,246
3100,0,A45,4423092.445,5427006.933,340,342,422,422,415,419,442,452,121,124,161,165,242,256
3100,1,A45,4423092.445,5427006.933,340,356,422,424,417,419,442,452,121,121,161,165,236,242
3100,5,A45,4423092.445,5427006.933,340,340,422,422,NA,NA,452,452,121,121,161,165,256,256
3100,6,A45,4423092.445,5427006.933,340,342,422,422,NA,NA,442,442,NA,NA,165,165,242,242
3100,7,A45,4423092.445,5427006.933,342,356,422,422,415,415,442,452,121,121,165,165,252,256
3100,2,A45,4423092.445,5427006.933,338,342,422,424,409,415,448,452,121,121,155,165,242,252
3100,9,A45,4423092.445,5427006.933,334,340,417,422,415,415,442,452,121,124,161,167,246,256
3100,10,A45,4423092.445,5427006.933,342,352,422,422,415,430,452,452,121,124,165,165,242,252
3100,12,A45,4423092.445,5427006.933,334,340,417,422,415,417,442,446,121,126,155,165,252,256
3100,8,A45,4423092.445,5427006.933,342,356,422,424,409,419,448,452,121,121,165,165,242,252
3101,0,A45,4423092.331,5427007.676,334,336,422,424,407,411,446,446,122,124,159,165,252,256
3101,1,A45,4423092.331,5427007.676,334,336,422,424,411,419,446,446,124,133,155,159,242,256
3101,2,A45,4423092.331,5427007.676,334,336,422,422,411,411,446,446,122,122,165,165,256,256
3101,4,A45,4423092.331,5427007.676,336,336,422,422,411,411,446,446,122,124,159,165,252,256
3101,5,A45,4423092.331,5427007.676,336,336,422,422,407,407,446,446,124,124,159,159,252,256
3101,7,A45,4423092.331,5427007.676,334,336,422,424,407,411,446,446,124,124,159,159,252,256
3101,3,A45,4423092.331,5427007.676,336,336,422,424,407,407,446,446,121,122,159,159,256,256
3101,9,A45,4423092.331,5427007.676,336,336,422,424,407,411,446,446,122,124,159,159,256,256
3101,10,A45,4423092.331,5427007.676,334,334,422,424,411,411,446,446,122,122,159,165,256,256
3101,8,A45,4423092.331,5427007.676,334,334,422,422,407,419,446,452,124,133,155,159,242,252
3102,0,A45,4423093.105,5427002.793,334,338,422,424,419,434,446,452,124,126,159,165,242,246
3102,2,A45,4423093.105,5427002.793,334,342,424,424,411,419,446,446,121,126,155,165,246,252
3102,3,A45,4423093.105,5427002.793,330,334,417,424,419,419,452,452,121,124,155,159,242,252
3102,4,A45,4423093.105,5427002.793,334,338,422,424,419,434,446,446,126,126,159,165,242,246
3102,5,A45,4423093.105,5427002.793,334,342,422,424,411,419,446,452,124,126,155,165,242,246
3102,6,A45,4423093.105,5427002.793,330,334,417,424,411,419,452,452,121,126,155,165,246,246
3102,7,A45,4423093.105,5427002.793,334,338,417,422,417,419,446,446,124,126,155,165,246,246
3102,9,A45,4423093.105,5427002.793,332,334,422,422,411,419,446,452,126,126,155,165,242,246
3102,11,A45,4423093.105,5427002.793,338,340,424,424,419,434,446,446,121,126,NA,NA,236,246
3102,1,A45,4423093.105,5427002.793,338,342,424,424,411,434,452,452,121,126,155,159,246,246
3103,2,A41,4426038.206,5423338.789,340,342,422,422,411,419,446,446,123,123,157,165,242,246
3103,0,A41,4426038.206,5423338.789,342,344,422,424,417,419,446,452,122,123,159,165,242,246
3103,6,A41,4426038.206,5423338.789,344,344,422,424,417,419,450,452,122,124,159,165,246,246
3103,7,A41,4426038.206,5423338.789,336,344,417,424,417,425,446,446,123,141,157,159,246,252
3103,8,A41,4426038.206,5423338.789,336,342,422,424,392,419,446,452,121,122,157,165,246,256
3103,9,A41,4426038.206,5423338.789,344,344,422,424,417,419,446,452,122,123,159,165,242,246
3103,5,A41,4426038.206,5423338.789,336,342,417,422,392,417,446,446,122,123,155,159,242,246
3104,0,A41,4426037.008,5423338.176,NA,NA,410,422,392,411,442,452,121,126,155,159,252,256
3105,0,A41,4426037.051,5423338.182,336,358,422,422,392,411,447,452,121,121,155,157,242,256
3105,4,A41,4426037.051,5423338.182,NA,NA,422,422,392,411,NA,NA,121,121,155,155,242,242
3105,5,A41,4426037.051,5423338.182,336,336,422,422,392,392,452,452,121,121,157,157,256,256
3105,7,A41,4426037.051,5423338.182,336,336,422,422,392,411,NA,NA,121,121,NA,NA,256,256
3105,3,A41,4426037.051,5423338.182,336,344,422,422,409,411,447,449,121,133,157,165,242,250
3105,10,A41,4426037.051,5423338.182,336,336,422,422,392,392,447,452,121,121,155,157,240,242
3106,0,A41,4426037.279,5423337.592,334,358,417,422,411,411,442,452,121,122,155,157,236,242
3106,1,A41,4426037.279,5423337.592,358,358,422,422,411,411,442,452,121,121,155,157,242,242
3106,3,A41,4426037.279,5423337.592,334,334,417,422,411,411,442,442,121,121,157,157,236,242
3106,5,A41,4426037.279,5423337.592,334,344,410,422,392,411,442,446,121,122,155,159,236,242
3106,6,A41,4426037.279,5423337.592,334,344,417,422,409,411,449,452,122,126,157,165,236,236
3106,7,A41,4426037.279,5423337.592,358,358,417,422,411,411,442,442,121,122,155,157,242,242
3106,4,A41,4426037.279,5423337.592,334,334,422,422,411,425,442,450,122,122,155,157,242,242
3106,9,A41,4426037.279,5423337.592,344,358,422,424,411,432,446,452,121,122,155,155,236,252
3106,10,A41,4426037.279,5423337.592,334,344,422,424,411,432,442,446,122,124,157,175,236,256
3106,8,A41,4426037.279,5423337.592,334,334,422,422,411,411,442,442,122,122,155,157,236,242
3107,0,A41,4426036.156,5423334.647,344,344,410,417,392,411,446,446,121,123,157,159,242,252
3107,2,A41,4426036.156,5423334.647,344,344,410,422,392,425,446,450,123,123,159,159,240,242
3107,3,A41,4426036.156,5423334.647,344,344,410,422,392,419,446,450,121,123,155,159,242,246
3107,4,A41,4426036.156,5423334.647,344,344,417,422,411,419,446,450,121,124,159,159,240,242
3107,5,A41,4426036.156,5423334.647,344,344,417,422,411,425,446,450,123,123,159,159,240,242
3107,6,A41,4426036.156,5423334.647,344,344,417,422,411,419,446,450,121,123,157,159,240,252
3107,10,A41,4426036.156,5423334.647,344,344,417,422,411,425,446,446,121,123,157,159,240,252
3107,1,A41,4426036.156,5423334.647,344,344,410,422,392,425,446,450,121,124,159,159,240,242
3108,0,A41,4426038.362,5423336.936,344,344,422,422,419,425,450,452,123,124,155,159,240,246
3108,1,A41,4426038.362,5423336.936,344,344,422,422,425,425,450,450,123,123,159,159,240,240
3108,5,A41,4426038.362,5423336.936,344,344,422,422,419,425,NA,NA,124,124,155,159,240,240
3108,6,A41,4426038.362,5423336.936,344,344,422,422,419,425,452,452,123,123,155,155,246,246
3108,8,A41,4426038.362,5423336.936,344,344,422,422,425,425,450,450,123,124,159,159,240,240
3108,2,A41,4426038.362,5423336.936,344,344,422,422,419,419,450,452,123,123,155,155,240,240
3108,10,A41,4426038.362,5423336.936,344,344,422,422,419,419,450,452,123,123,159,159,240,246
3108,11,A41,4426038.362,5423336.936,344,344,422,422,419,425,450,450,123,124,155,159,240,240
3108,12,A41,4426038.362,5423336.936,344,344,422,422,419,419,450,452,124,124,155,159,240,240
3109,0,A41,4426031.707,5423337.825,336,340,417,422,392,411,446,446,121,123,155,157,246,256
3109,2,A41,4426031.707,5423337.825,336,340,417,422,392,411,446,446,121,121,157,157,246,246
3109,3,A41,4426031.707,5423337.825,340,344,417,422,392,411,446,449,123,133,157,165,246,250
3109,4,A41,4426031.707,5423337.825,336,340,417,417,392,411,446,446,121,121,155,155,246,256
3109,1,A41,4426031.707,5423337.825,340,340,422,422,411,411,446,446,121,123,155,155,246,256
3109,7,A41,4426031.707,5423337.825,336,340,417,422,392,411,446,446,121,123,155,157,256,256
3109,8,A41,4426031.707,5423337.825,336,336,422,422,392,392,446,446,121,123,155,155,256,256
3109,5,A41,4426031.707,5423337.825,336,336,417,422,392,411,446,446,121,123,155,155,246,246
3109,10,A41,4426031.707,5423337.825,336,340,417,422,392,411,446,446,121,123,155,157,246,256
3109,9,A41,4426031.707,5423337.825,336,340,417,422,392,392,446,446,121,123,155,157,256,256
3111,0,A41,4426037.785,5423337.577,344,358,422,422,392,411,442,447,121,126,155,165,236,242
3111,1,A41,4426037.785,5423337.577,344,344,422,422,392,411,447,449,121,133,155,165,242,250
3111,5,A41,4426037.785,5423337.577,358,358,422,422,411,411,442,442,122,126,155,155,236,236
3111,6,A41,4426037.785,5423337.577,334,358,417,422,411,411,NA,NA,122,126,NA,NA,236,242
3111,8,A41,4426037.785,5423337.577,358,358,422,422,411,411,442,452,126,126,155,155,NA,NA
3111,10,A41,4426037.785,5423337.577,344,358,422,422,411,411,447,447,122,126,165,165,236,236
3112,0,A41,4426037.329,5423349.574,326,334,417,422,417,440,442,446,114,114,157,161,240,242
3112,1,A41,4426037.329,5423349.574,334,354,417,422,411,417,446,456,114,126,157,157,240,242
3112,2,A41,4426037.329,5423349.574,326,340,417,422,411,417,442,446,114,121,157,161,240,246
3112,5,A41,4426037.329,5423349.574,326,326,417,422,440,440,442,446,114,114,161,161,242,242
3112,6,A41,4426037.329,5423349.574,326,326,417,422,398,440,442,442,114,126,157,161,240,240
3112,7,A41,4426037.329,5423349.574,334,334,417,417,398,417,442,442,114,114,157,157,240,240
3112,3,A41,4426037.329,5423349.574,334,334,417,422,398,417,442,442,114,114,157,161,240,242
3112,9,A41,4426037.329,5423349.574,334,334,417,417,419,440,442,442,114,114,157,157,242,242
3112,10,A41,4426037.329,5423349.574,326,334,417,422,398,417,442,442,114,126,157,157,240,242
3113,0,A21,4426944.369,5427195.331,340,352,417,422,392,430,446,452,121,121,157,157,240,252
3113,1,A21,4426944.369,5427195.331,340,340,417,417,392,392,446,446,121,121,157,157,240,252
3113,3,A21,4426944.369,5427195.331,340,352,422,422,421,430,444,452,121,122,157,161,240,242
3113,4,A21,4426944.369,5427195.331,334,340,417,424,392,430,446,446,121,122,157,161,242,252
3113,5,A21,4426944.369,5427195.331,342,352,422,424,430,436,452,452,121,121,157,161,252,256
3113,2,A21,4426944.369,5427195.331,334,340,417,424,392,409,444,452,121,122,157,161,240,244
3113,7,A21,4426944.369,5427195.331,352,352,422,422,392,430,446,452,121,121,157,157,240,252
3113,9,A21,4426944.369,5427195.331,340,352,NA,NA,392,392,452,452,121,121,157,157,252,252
3113,10,A21,4426944.369,5427195.331,340,340,417,424,409,430,444,452,121,124,157,161,240,244
3113,6,A21,4426944.369,5427195.331,352,352,422,422,430,430,446,446,121,121,157,157,240,240
3115,0,A21,4426935.441,5427182.91,340,346,422,424,409,431,446,448,121,128,157,157,240,244
3115,2,A21,4426935.441,5427182.91,346,346,422,422,409,409,448,448,121,121,157,157,244,244
3115,3,A21,4426935.441,5427182.91,334,340,424,424,431,434,444,446,128,133,155,157,242,244
3115,4,A21,4426935.441,5427182.91,340,346,422,422,409,431,448,448,128,128,157,157,240,244
3115,1,A21,4426935.441,5427182.91,340,340,424,424,NA,NA,446,446,121,128,NA,NA,240,240
3115,6,A21,4426935.441,5427182.91,340,340,422,422,NA,NA,444,446,128,128,157,157,NA,NA
3115,7,A21,4426935.441,5427182.91,344,346,417,424,392,409,444,448,121,128,155,157,244,252
3115,8,A21,4426935.441,5427182.91,334,340,424,424,431,434,448,448,121,122,155,157,242,244
3115,9,A21,4426935.441,5427182.91,340,346,424,424,409,431,448,448,121,128,157,157,240,244
3115,5,A21,4426935.441,5427182.91,334,346,424,424,409,434,444,446,122,128,157,161,244,252
3116,1,A21,4426934.907,5427171.198,334,352,417,417,417,421,442,442,128,137,155,157,240,240
3116,3,A21,4426934.907,5427171.198,352,352,417,417,421,421,NA,NA,128,137,155,157,240,240
3116,4,A21,4426934.907,5427171.198,334,352,417,417,417,417,446,446,128,128,155,157,240,252
3116,0,A21,4426934.907,5427171.198,334,352,417,417,417,421,442,446,128,137,155,157,240,252
3117,1,A21,4426924.311,5427174.479,344,344,424,424,411,411,446,446,128,128,155,155,242,252
3117,2,A21,4426924.311,5427174.479,342,342,417,417,411,411,444,444,128,128,161,161,252,252
3117,3,A21,4426924.311,5427174.479,344,344,417,417,392,411,446,446,128,133,159,161,242,242
3117,0,A21,4426924.311,5427174.479,342,344,417,424,392,411,444,446,128,133,155,161,242,252
3117,5,A21,4426924.311,5427174.479,344,344,424,424,392,392,444,446,133,133,155,161,NA,NA
3117,6,A21,4426924.311,5427174.479,344,344,424,424,392,392,444,446,133,133,155,155,242,242
3117,9,A21,4426924.311,5427174.479,344,344,417,417,411,411,446,446,133,133,161,161,242,242
3117,10,A21,4426924.311,5427174.479,NA,NA,424,424,411,411,446,446,133,133,155,161,242,242
3117,4,A21,4426924.311,5427174.479,344,344,417,424,392,392,446,446,128,128,155,161,242,252
3118,1,A21,4426919.303,5427160.056,340,340,417,422,436,436,446,446,128,128,155,155,242,242
3118,2,A21,4426919.303,5427160.056,338,338,422,422,430,436,450,450,128,128,155,155,242,242
3118,3,A21,4426919.303,5427160.056,340,340,417,422,436,436,446,450,128,133,155,157,242,242
3118,0,A21,4426919.303,5427160.056,338,340,417,422,430,436,446,450,128,133,155,157,242,242
3118,5,A21,4426919.303,5427160.056,340,340,417,417,430,436,446,446,133,133,155,157,242,242
3118,6,A21,4426919.303,5427160.056,338,338,417,417,430,430,446,450,133,133,157,157,242,242
3118,7,A21,4426919.303,5427160.056,338,340,417,422,430,436,446,450,133,133,155,157,242,242
3118,4,A21,4426919.303,5427160.056,340,340,422,422,430,436,446,446,128,133,155,155,242,242
3118,9,A21,4426919.303,5427160.056,338,338,417,417,436,436,446,446,128,133,155,157,242,242
3118,10,A21,4426919.303,5427160.056,338,340,417,422,430,430,446,446,128,133,155,155,242,242
3118,8,A21,4426919.303,5427160.056,338,340,422,422,430,430,446,450,128,128,155,157,242,242
3119,0,A21,4426912.284,5427148.426,340,344,417,417,421,425,446,446,121,121,155,161,240,242
3119,2,A21,4426912.284,5427148.426,340,344,417,417,392,421,446,446,121,137,161,161,240,252
3119,4,A21,4426912.284,5427148.426,340,340,417,422,413,425,446,448,121,137,155,161,240,252
3119,5,A21,4426912.284,5427148.426,338,344,417,417,392,421,446,446,121,121,152,161,242,242
3119,6,A21,4426912.284,5427148.426,338,340,417,422,392,421,446,448,121,137,152,161,242,252
3119,7,A21,4426912.284,5427148.426,340,344,417,422,413,425,446,448,121,137,152,161,240,252
3119,1,A21,4426912.284,5427148.426,338,344,417,417,392,425,446,446,121,137,161,161,240,240
3119,9,A21,4426912.284,5427148.426,338,340,417,422,413,421,446,448,121,137,155,161,240,240
3119,10,A21,4426912.284,5427148.426,340,340,417,417,413,421,446,448,121,137,152,155,242,252
3119,8,A21,4426912.284,5427148.426,340,344,417,417,392,421,446,448,121,137,155,161,240,252
3121,0,G05a,4429198.448,5434949.397,340,340,422,422,417,417,446,446,133,137,155,157,244,256
3121,6,G05a,4429198.448,5434949.397,340,340,422,422,409,417,NA,NA,133,133,155,155,244,244
3121,3,G05a,4429198.448,5434949.397,NA,NA,422,422,417,417,446,448,121,133,155,155,244,256
3121,8,G05a,4429198.448,5434949.397,340,340,NA,NA,417,417,446,446,133,133,155,155,244,244
3121,10,G05a,4429198.448,5434949.397,340,340,NA,NA,417,417,446,446,135,137,155,157,244,244
3122,0,G05a,4429198.294,5434950.484,336,336,422,422,409,409,446,450,124,124,155,155,244,256
3122,3,G05a,4429198.294,5434950.484,NA,NA,NA,NA,409,417,446,450,124,124,155,155,244,244
3123,0,G05a,4429198.875,5434947.72,332,346,422,422,392,417,446,448,128,133,155,155,244,244
3123,1,G05a,4429198.875,5434947.72,338,346,422,422,392,417,444,446,133,133,155,157,244,244
3123,2,G05a,4429198.875,5434947.72,NA,NA,422,422,392,417,444,448,121,133,155,155,244,252
3123,4,G05a,4429198.875,5434947.72,332,336,422,422,417,417,448,448,121,128,155,155,244,244
3123,5,G05a,4429198.875,5434947.72,332,332,NA,NA,392,392,448,448,133,133,155,155,244,244
3123,6,G05a,4429198.875,5434947.72,332,332,422,422,417,417,448,448,128,128,155,155,244,244
3123,7,G05a,4429198.875,5434947.72,332,332,422,424,NA,NA,NA,NA,124,128,155,155,244,244
3123,8,G05a,4429198.875,5434947.72,332,346,422,422,417,417,446,448,121,128,155,155,244,252
3123,10,G05a,4429198.875,5434947.72,332,346,422,422,392,417,446,448,128,133,155,155,244,252
3123,3,G05a,4429198.875,5434947.72,340,346,422,422,417,417,448,448,133,137,155,159,244,244
3124,0,G05a,4429198.886,5434946.594,346,346,422,422,392,409,446,450,128,133,155,155,244,256
3124,7,G05a,4429198.886,5434946.594,NA,NA,422,422,NA,NA,446,446,128,137,155,155,244,244
3125,0,G05a,4429198.436,5434949.351,340,346,422,422,417,417,444,446,126,133,155,155,244,244
3126,0,G05a,4429200.997,5434949.202,334,342,422,422,411,425,446,448,121,133,155,155,244,256
3127,0,G05a,4429199.256,5434950.178,340,346,422,422,392,411,446,446,128,137,155,155,244,256
3128,0,A03,4431313.944,5429350.122,340,340,417,424,392,417,448,448,143,150,152,155,242,246
3128,2,A03,4431313.944,5429350.122,340,340,417,417,417,417,448,448,143,150,152,152,242,242
3128,3,A03,4431313.944,5429350.122,340,340,424,424,392,417,448,448,143,150,152,155,242,242
3128,7,A03,4431313.944,5429350.122,340,340,417,417,417,417,448,448,121,150,155,157,242,242
3128,8,A03,4431313.944,5429350.122,340,340,417,422,392,417,446,448,121,150,152,157,242,244
3128,9,A03,4431313.944,5429350.122,340,340,417,422,417,421,448,452,133,150,152,159,242,256
3128,6,A03,4431313.944,5429350.122,340,340,417,424,417,421,446,448,121,150,152,155,242,252
3128,11,A03,4431313.944,5429350.122,340,350,422,424,392,413,448,452,143,150,155,157,242,256
3130,0,A03,4431310.388,5429354.612,340,340,422,422,394,413,448,448,121,121,157,159,242,246
3134,0,A03,4431309.638,5429365.522,334,340,422,422,417,425,448,448,122,122,155,155,242,246
3134,2,A03,4431309.638,5429365.522,334,338,422,424,394,425,448,448,122,122,155,167,242,256
3134,3,A03,4431309.638,5429365.522,334,334,422,422,425,425,448,448,122,122,155,155,242,242
3134,4,A03,4431309.638,5429365.522,334,334,422,422,417,417,448,448,122,122,155,155,242,242
3134,5,A03,4431309.638,5429365.522,340,340,422,422,NA,NA,NA,NA,122,122,155,155,242,242
3134,8,A03,4431309.638,5429365.522,334,334,422,422,417,417,448,448,122,122,155,155,242,242
3134,9,A03,4431309.638,5429365.522,334,334,422,422,425,425,448,448,122,122,155,155,242,246
3135,0,A03,4431315.236,5429367.911,326,352,418,424,409,411,446,446,121,122,152,159,240,240
3136,0,A03,4431315.813,5429370.822,338,340,422,422,409,411,446,448,133,137,157,159,242,262
4120,0,G05a,4429196.748,5434949.523,340,340,422,422,409,417,442,446,122,137,155,157,244,256
